Language_short_name;EN;KU
Language_name;English;کوردی
Welcome_back;WELCOME BACK!;بەخێربێیتەوە!
Earned_offline; EARNED OFFLINE; قازانجی ئۆفلاین
Hooks;HOOKS;قولاپەکان
Play;PLAY;یاری بکە
Earnings;EARNINGS;قازانج
Tap_to_start_playing;TAP TO START PLAYING;دەست لێبدە بۆ دەستپێکردن
Fish_upgrade_title;MAX FISHES;زۆرترین ماسی
Fish_upgrade_fishes;FISH;ماسی
Depth_upgrade_title;MAX DEPTH;قووڵایی
Depth_upgrade_meters;M;مەتر
Depth_upgrade_meters_small;m;مەتر
Offline_earnings_upgrade_title;OFFLINE EARNINGS;قازانجی ئۆفلاین
Offline_earnings_money_per_min;$/MIN;$/خولەک
Energy_warning;NOT ENOUGH ENERGY!;وزەی پێویستت نییە!
Buy_energy_potion_to_restore;BUY ENERGY POTION#TO RESTORE ENERGY;دەرمانی وزە بکڕە#بۆ گەڕاندنەوەی وزە
No_thanks;NO, THANKS;نەخێر، سوپاس
Buy;BUY;کڕین
Best_result;BEST;باشترین
Aquarium;AQUARIUM;حەوزی ماسییەکان
Prizes_tap_to_open_hint;TAP TO OPEN;دەست لێبدە بۆ کردنەوە
Best_prize;BEST PRIZE;باشترین خەڵات
Fish_rare;RARE!;دەگمەن!
Fish_legendary;LEGENDARY!;ئەفسانەیی!
Claim;CLAIM;وەرگرتن
Bonus;BONUS;پاداشت
Score_title;YOUR SCORE;کۆی خاڵەکانت
New_record; NEW RECORD!; ژمارەی پێوانەیی نوێ!
Unlock_hook;UNLOCK#RANDOM;کردنەوەی#بەختی
More_hooks_coming;MORE HOOKS COMING SOON!;قولاپی زیاتر بەم زووانە!
Settings;SETTINGS;ڕێکخستنەکان
Sounds;SOUNDS;دەنگەکان
Sound;SOUND;دەنگ
Music;MUSIC;مۆسیقا
Language;LANGUAGE;زمان
Ok;OK;باشە
Treasure_open;OPEN;کردنەوە
Do_smth_for_energy;ENERGY;بە وزە
Do_smth_for_reward_ad;WATCH AD;ڕیکلام ببینە
Your_score;SCORE;خاڵەکان
Win_a_prize;WIN A PRIZE!;خەڵاتێک ببەرەوە!
Make_first_upgrade_text; MAKE YOUR#FIRST UPGRADE; یەکەمین بەرزکردنەوە#ئەنجام بدە
Perfect_start; PERFECT START!; دەستپێکی نایاب!
Claim_all_x; CLAIM ALL x; هەمووی وەرگرە x
No_thanks; NO, THANKS; نەخێر، سوپاس
Open_chest; OPEN; کردنەوە
Open_for_ad_msg; WATCH AD; ڕیکلام ببینە
Price; PRICE; نرخ
Treasure_found; TREASURE#FOUND; گەنجینە دۆزرایەوە!
Chest; CHEST!; سندووق!
Move_finger_tutorial; MOVE FINGER#TO CONTROL; پەنجەت بجوڵێنە بۆ کۆنتڕۆڵکردن
Move_mouse_tutorial; CONTROL WITH MOUSE; کۆنتڕۆڵ بکە بە ماوس
Become_VIP; BECOME VIP; ببە بە VIP
VIP_night_mode; VIP NIGHT MODE; دۆخی شەوانەی VIP
Exclusive_night_mode; EXCLUSIVE NIGHT MODE!; دۆخی شەوانەی تایبەت!
No_ads; NO ADS!; بێ ڕیکلام!
All_money_x_2; ALL MONEY x2!; هەموو پارەکان x2!
Start_free_trial; START FREE TRIAL; تاقیکردنەوەی بێبەرامبەر
Time_to_check_the_aquarium; TIME TO CHECK#THE AQUARIUM; کاتی سەردانی#ئاکواریۆمە
Fishes;Fishes;ماسییەکان
fish; fish; ماسی
Depth;Depth;قووڵایی
Income;Income;داهات
$/min;$/min;$/خولەک
Tap to start fishing;Tap to start fishing;دەست لێبدە بۆ ماسیگری
LEVEL UP!;LEVEL UP!;ئاستی بەرزتر!
LEVEL;LEVEL;ئاست
Free;Free;بێبەرامبەر
Free for 3 days, 4.99$ per week after;Free for 3 days, 4.99$ per week after;٣ ڕۆژ بەخۆڕایی، دواتر ٤.٩٩$ بۆ هەفتەیەک
BOOST >>;BOOST >>;خێراکردن >>
+500;+500;+٥٠٠
Page title;Page title;سەردێڕ